soil_moisture,soil_moisture_p,humidity_p,temperature_c,heat_index_c
420,9.765625,63,10.0,10.5
415,11.71875,64,10.1,10.55
410,13.671875,65,10.2,10.6
405,15.625,66,10.3,10.65
400,17.578125,67,10.4,10.7
395,19.53125,68,10.5,10.75
390,21.484375,69,10.6,10.8
385,23.4375,70,10.7,10.85
380,25.390625,71,10.8,10.9
375,27.34375,72,10.9,10.95
