soil_moisture,soil_moisture_p,humidity_p,temperature_c,heat_index_c
400,17.578125,65,10.0,10.5
395,19.53125,66,10.1,10.55
390,21.484375,67,10.2,10.6
385,23.4375,68,10.3,10.65
380,25.390625,69,10.4,10.7
375,27.34375,70,10.5,10.75
370,29.296875,71,10.6,10.8
365,31.25,72,10.7,10.85
360,33.203125,73,10.8,10.9
355,35.15625,74,10.9,10.95
