soil_moisture,soil_moisture_p,humidity_p,temperature_c,heat_index_c
300,56.640625,60,10.0,10.5
295,58.59375,62,10.1,10.55
290,60.546875,64,10.2,10.6
285,62.5,66,10.3,10.65
280,64.453125,68,10.4,10.7
275,66.40625,70,10.5,10.75
270,68.359375,72,10.6,10.8
265,70.3125,74,10.7,10.85
260,72.265625,76,10.8,10.9
255,74.21875,78,10.9,10.95
